<?xml version="1.0" encoding="utf-8"?>

<style>

    <attr name="fontName">NotoSans</attr>

    <attr name="textColor">#ffffff</attr>
    <attr name="textMaxSize">24</attr>

    <attr name="strokeSize">2</attr>
    <attr name="strokeColor">#000000</attr>

    <attr name="shadowRadius">10</attr>
    <attr name="shadowX">0</attr>
    <attr name="shadowY">0</attr>
    <attr name="shadowColor">#000000</attr>

    <attr name="backgroundColor">#000000</attr>

    <attr name="whatever">#000000</attr>

</style>

